master,name,whyWeMadeThis,careDescription,features,fabric
LW3EZCS,All It Takes Short Sleeve Shirt *Nulu™,"Stretch into your practice. This tee provides all the coverage you need for forward folds, with buttery-soft Nulu™ fabric and a cropped length to pair with your favourite yoga tights","Wash With Like Colors
Machine Wash Cold
Do Not Bleach
Tumble Dry Low
Do Not Iron
Do Not Dry Clean","Designed for Yoga
Added Lycra® fibre for stretch and shape retention
Slim fit, cropped length
Asia design edition",Our buttery-soft Nulu™ fabric feels weightlessly light and is sweat-wicking and four-way stretch
LM9AFFS,MicroPillow™ Tab Run Sock   ,"We mapped the movement and impact of a runner's foot to create these socks that cushion, hug, and breathe in all the right places","Wash With Like Colors
Machine Wash Cold
Do Not Bleach
Tumble Dry Low
Do Not Iron
Do Not Dry Clean","Designed for Running
Naturally breathable mesh construction in high sweat areas helps keep your feet cool and dry
Light and naturally breathable MicroPillow™ cushioning on the forefoot is zoned for the impact of your stride
Ergonomic cuff protects your ankles from chafing against your shoes as you run
PerformaHeel™ for run uses elasticated yarns to create a shaped fit that hugs your achilles for a locked-in feeling
ErgoToes™ foot-specific design
Reflective detail
Seamless toe construction
Made in Turkey",The yarn in these socks was treated with No-Stink Zinc™ to inhibit the growth of odour-causing bacteria
prod9820519,Fast and Free Run Hat Women  *Pony,,,,
LW1DFAS,All It Takes Tank    *Nulu™,,,,
prod9880004,"Invigorate High-Rise Tight 25""",,,,
LW9DVVS,Fast and Free Run Hat Women,,,,
prod10440282,"Wunder Train High-Rise Tight 28""",,,,
LW6BZ2S,Adapted State High-Rise Jogger Crop,,,,
LW5EI1S,"Swift Speed High-Rise Tight 28""",,,,
prod10520351,Perfectly Oversized Cropped Crew   *Softstreme™,,,,
LW2D60S,Nulu™ and Mesh Yoga Bra,,,,
LW5DQDS,Stretch High-Rise Jogger,,,,
LW5BMFS,"Fast and Free High-Rise Tight 28""  *Reflective",,,,
prod9370043,All It Takes Short Sleeve Shirt *Nulu™,,,,
LU9AFYS,The Reversible Mat 5mm   ,,,,
prod10560048,"Swift Speed Bra   *High Support, A-E Cups",,,,
LW3EOHS,High Neck Run and Train Long Sleeve,,,,
prod9230088,"T.H.E. Short 7"" *Nulu™ Lined",,,,
LW5DJ6S,"Invigorate High-Rise Tight 28""",,,,
LW6BSAS,"All the Right Places High-Rise Crop 23""",,,,
LW5CR9S,"Invigorate High-Rise Tight 25""",,,,
prod10640006,"Nulu™ and Mesh Yoga Bra  *Light Support, A/B Cups",,,,
LW7BT3S,"Align High-Rise Short 6""",,,,
LW1DFYS,All It Takes Tank   *Nulu™,,,,
prod9610173,"ABC Pant Slim 30""",,,,
prod9200026,"lululemon Align™ Jogger Crop 23""",,,,
LM5ABOS,"ABC Pant Slim 30""",,,,
